week,hostname,users,sessions,days
2018-10-22,broom.tidyverse.org,14,14,1
2018-10-22,dbplyr.tidyverse.org,3,3,1
2018-10-22,dplyr.tidyverse.org,1675,1778,1
2018-10-22,ggplot2.tidyverse.org,4879,6107,1
2018-10-22,glue.tidyverse.org,8,9,1
2018-10-22,googledrive.tidyverse.org,36,41,1
2018-10-22,haven.tidyverse.org,30,29,1
2018-10-22,here.r-lib.org,2,2,1
2018-10-22,lubridate.tidyverse.org,117,113,1
2018-10-22,magrittr.tidyverse.org,33,28,1
2018-10-22,modelr.tidyverse.org,5,5,1
2018-10-22,pillar.r-lib.org,3,3,1
2018-10-22,purrr.tidyverse.org,197,161,1
2018-10-22,readxl.tidyverse.org,260,274,1
2018-10-22,reprex.tidyverse.org,80,74,1
2018-10-22,stringr.tidyverse.org,313,316,1
2018-10-22,tibble.tidyverse.org,140,109,1
2018-10-22,tidymodels.github.io,11,11,1
2018-10-22,tidyr.tidyverse.org,554,496,1
2018-10-22,tidyverse.tidyverse.org,104,93,1
2018-10-22,www.tidyverse.org,801,776,1
2018-10-29,broom.tidyverse.org,194,177,7
2018-10-29,dbplyr.tidyverse.org,95,84,7
2018-10-29,dplyr.tidyverse.org,20530,21724,7
2018-10-29,ggplot2.tidyverse.org,51842,63909,7
2018-10-29,glue.tidyverse.org,51,47,7
2018-10-29,googledrive.tidyverse.org,425,466,7
2018-10-29,haven.tidyverse.org,412,389,7
2018-10-29,here.r-lib.org,16,15,6
2018-10-29,lubridate.tidyverse.org,1388,1381,7
2018-10-29,magrittr.tidyverse.org,351,312,7
2018-10-29,modelr.tidyverse.org,65,64,7
2018-10-29,pillar.r-lib.org,7,7,5
2018-10-29,purrr.tidyverse.org,2001,1711,7
2018-10-29,readxl.tidyverse.org,2869,2945,7
2018-10-29,reprex.tidyverse.org,340,338,7
2018-10-29,rprojroot.r-lib.org,9,8,4
2018-10-29,stringr.tidyverse.org,3919,3961,7
2018-10-29,tibble.tidyverse.org,1791,1330,7
2018-10-29,tidymodels.github.io,184,264,7
2018-10-29,tidyr.tidyverse.org,7403,6832,7
2018-10-29,tidyverse.tidyverse.org,971,746,7
2018-10-29,www.tidyverse.org,10242,9994,7
2018-11-05,broom.tidyverse.org,239,212,7
2018-11-05,dbplyr.tidyverse.org,91,89,7
2018-11-05,dplyr.tidyverse.org,20544,21780,7
2018-11-05,ggplot2.tidyverse.org,57683,71521,7
2018-11-05,glue.tidyverse.org,69,56,7
2018-11-05,googledrive.tidyverse.org,419,476,7
2018-11-05,haven.tidyverse.org,463,462,7
2018-11-05,here.r-lib.org,13,14,7
2018-11-05,lubridate.tidyverse.org,1449,1398,7
2018-11-05,magrittr.tidyverse.org,385,334,7
2018-11-05,modelr.tidyverse.org,69,66,7
2018-11-05,pillar.r-lib.org,5,7,3
2018-11-05,purrr.tidyverse.org,2066,1706,7
2018-11-05,readxl.tidyverse.org,2926,2988,7
2018-11-05,reprex.tidyverse.org,360,358,7
2018-11-05,rprojroot.r-lib.org,5,5,4
2018-11-05,stringr.tidyverse.org,3988,3988,7
2018-11-05,tibble.tidyverse.org,1738,1342,7
2018-11-05,tidymodels.github.io,313,404,7
2018-11-05,tidyr.tidyverse.org,7665,7171,7
2018-11-05,tidyverse.tidyverse.org,928,742,7
2018-11-05,www.tidyverse.org,8345,7756,7
2018-11-12,broom.tidyverse.org,167,157,7
2018-11-12,dbplyr.tidyverse.org,124,120,7
2018-11-12,dplyr.tidyverse.org,21257,22521,7
2018-11-12,ggplot2.tidyverse.org,58696,73059,7
2018-11-12,glue.tidyverse.org,94,93,7
2018-11-12,googledrive.tidyverse.org,412,453,7
2018-11-12,haven.tidyverse.org,430,424,7
2018-11-12,here.r-lib.org,18,19,7
2018-11-12,lubridate.tidyverse.org,1388,1340,7
2018-11-12,magrittr.tidyverse.org,473,422,7
2018-11-12,modelr.tidyverse.org,81,74,7
2018-11-12,pillar.r-lib.org,9,8,4
2018-11-12,purrr.tidyverse.org,2072,1774,7
2018-11-12,readr.tidyverse.org,830,715,4
2018-11-12,readxl.tidyverse.org,3000,3048,7
2018-11-12,reprex.tidyverse.org,304,282,7
2018-11-12,rprojroot.r-lib.org,9,8,5
2018-11-12,stringr.tidyverse.org,4185,4209,7
2018-11-12,tibble.tidyverse.org,1689,1302,7
2018-11-12,tidymodels.github.io,185,247,7
2018-11-12,tidyr.tidyverse.org,8351,7856,7
2018-11-12,tidyverse.tidyverse.org,965,756,7
2018-11-12,www.tidyverse.org,8330,7783,7
2018-11-19,broom.tidyverse.org,156,149,7
2018-11-19,dbplyr.tidyverse.org,99,92,7
2018-11-19,dplyr.tidyverse.org,19590,20821,7
2018-11-19,ggplot2.tidyverse.org,52442,65513,7
2018-11-19,glue.tidyverse.org,67,54,7
2018-11-19,googledrive.tidyverse.org,443,467,7
2018-11-19,haven.tidyverse.org,404,388,7
2018-11-19,here.r-lib.org,9,9,5
2018-11-19,lubridate.tidyverse.org,1221,1182,7
2018-11-19,magrittr.tidyverse.org,359,311,7
2018-11-19,modelr.tidyverse.org,122,110,7
2018-11-19,pillar.r-lib.org,4,4,4
2018-11-19,purrr.tidyverse.org,1751,1425,7
2018-11-19,readr.tidyverse.org,1926,1660,7
2018-11-19,readxl.tidyverse.org,2630,2692,7
2018-11-19,reprex.tidyverse.org,233,228,7
2018-11-19,rprojroot.r-lib.org,12,13,6
2018-11-19,stringr.tidyverse.org,3644,3633,7
2018-11-19,tibble.tidyverse.org,1532,1152,7
2018-11-19,tidymodels.github.io,439,605,7
2018-11-19,tidyr.tidyverse.org,6877,6476,7
2018-11-19,tidyverse.tidyverse.org,828,673,7
2018-11-19,www.tidyverse.org,7543,6988,7
2018-11-26,broom.tidyverse.org,204,184,7
2018-11-26,dbplyr.tidyverse.org,99,93,7
2018-11-26,dplyr.tidyverse.org,22008,23332,7
2018-11-26,ggplot2.tidyverse.org,62629,77935,7
2018-11-26,glue.tidyverse.org,65,59,7
2018-11-26,googledrive.tidyverse.org,464,519,7
2018-11-26,haven.tidyverse.org,453,446,7
2018-11-26,here.r-lib.org,12,12,7
2018-11-26,lubridate.tidyverse.org,1408,1358,7
2018-11-26,magrittr.tidyverse.org,380,346,7
2018-11-26,modelr.tidyverse.org,87,80,7
2018-11-26,pillar.r-lib.org,8,8,5
2018-11-26,purrr.tidyverse.org,1982,1706,7
2018-11-26,readr.tidyverse.org,2231,1947,7
2018-11-26,readxl.tidyverse.org,3063,3115,7
2018-11-26,reprex.tidyverse.org,343,327,7
2018-11-26,rprojroot.r-lib.org,8,10,5
2018-11-26,stringr.tidyverse.org,4101,4102,7
2018-11-26,tibble.tidyverse.org,1697,1280,7
2018-11-26,tidymodels.github.io,988,1332,7
2018-11-26,tidyr.tidyverse.org,8032,7474,7
2018-11-26,tidyverse.tidyverse.org,971,752,7
2018-11-26,www.tidyverse.org,13277,13382,7
2018-12-03,broom.tidyverse.org,175,172,7
2018-12-03,dbplyr.tidyverse.org,104,106,7
2018-12-03,dplyr.tidyverse.org,21796,23089,7
2018-12-03,ggplot2.tidyverse.org,62246,77023,7
2018-12-03,glue.tidyverse.org,72,56,7
2018-12-03,googledrive.tidyverse.org,401,446,7
2018-12-03,haven.tidyverse.org,447,451,7
2018-12-03,here.r-lib.org,14,15,7
2018-12-03,lubridate.tidyverse.org,1379,1322,7
2018-12-03,magrittr.tidyverse.org,426,375,7
2018-12-03,modelr.tidyverse.org,105,106,7
2018-12-03,pillar.r-lib.org,3,3,2
2018-12-03,purrr.tidyverse.org,1972,1629,7
2018-12-03,readr.tidyverse.org,2314,2034,7
2018-12-03,readxl.tidyverse.org,2974,3045,7
2018-12-03,reprex.tidyverse.org,346,357,7
2018-12-03,rprojroot.r-lib.org,12,16,4
2018-12-03,stringr.tidyverse.org,4072,4037,7
2018-12-03,tibble.tidyverse.org,1812,1386,7
2018-12-03,tidymodels.github.io,700,968,7
2018-12-03,tidyr.tidyverse.org,8055,7473,7
2018-12-03,tidyverse.tidyverse.org,982,764,7
2018-12-03,www.tidyverse.org,11512,11413,7
2018-12-10,broom.tidyverse.org,152,139,7
2018-12-10,dbplyr.tidyverse.org,94,93,7
2018-12-10,dplyr.tidyverse.org,19487,20623,7
2018-12-10,ggplot2.tidyverse.org,55472,68899,7
2018-12-10,glue.tidyverse.org,82,73,7
2018-12-10,googledrive.tidyverse.org,397,431,7
2018-12-10,haven.tidyverse.org,449,448,7
2018-12-10,here.r-lib.org,6,6,4
2018-12-10,lubridate.tidyverse.org,1230,1186,7
2018-12-10,magrittr.tidyverse.org,330,283,7
2018-12-10,modelr.tidyverse.org,94,96,7
2018-12-10,pillar.r-lib.org,4,4,3
2018-12-10,purrr.tidyverse.org,1900,1617,7
2018-12-10,readr.tidyverse.org,2013,1757,7
2018-12-10,readxl.tidyverse.org,2545,2633,7
2018-12-10,reprex.tidyverse.org,324,319,7
2018-12-10,rprojroot.r-lib.org,15,18,7
2018-12-10,stringr.tidyverse.org,3902,3886,7
2018-12-10,tibble.tidyverse.org,1620,1195,7
2018-12-10,tidymodels.github.io,526,762,7
2018-12-10,tidyr.tidyverse.org,7194,6583,7
2018-12-10,tidyverse.tidyverse.org,827,630,7
2018-12-10,www.tidyverse.org,8707,8406,7
2018-12-17,broom.tidyverse.org,133,129,7
2018-12-17,dbplyr.tidyverse.org,95,89,7
2018-12-17,dplyr.tidyverse.org,16209,16912,7
2018-12-17,ggplot2.tidyverse.org,43319,53681,7
2018-12-17,glue.tidyverse.org,83,77,7
2018-12-17,googledrive.tidyverse.org,417,471,7
2018-12-17,haven.tidyverse.org,324,324,7
2018-12-17,here.r-lib.org,15,17,6
2018-12-17,lubridate.tidyverse.org,1184,1119,7
2018-12-17,magrittr.tidyverse.org,350,302,7
2018-12-17,modelr.tidyverse.org,69,69,7
2018-12-17,pillar.r-lib.org,13,14,5
2018-12-17,purrr.tidyverse.org,1707,1403,7
2018-12-17,readr.tidyverse.org,1747,1553,7
2018-12-17,readxl.tidyverse.org,2454,2498,7
2018-12-17,reprex.tidyverse.org,239,232,7
2018-12-17,rprojroot.r-lib.org,12,12,5
2018-12-17,stringr.tidyverse.org,3501,3484,7
2018-12-17,tibble.tidyverse.org,1477,1128,7
2018-12-17,tidymodels.github.io,624,829,7
2018-12-17,tidyr.tidyverse.org,6028,5509,7
2018-12-17,tidyverse.tidyverse.org,689,528,7
2018-12-17,www.tidyverse.org,11362,11582,7
2018-12-24,broom.tidyverse.org,87,83,7
2018-12-24,dbplyr.tidyverse.org,40,37,6
2018-12-24,dplyr.tidyverse.org,8077,8584,7
2018-12-24,ggplot2.tidyverse.org,21491,26777,7
2018-12-24,glue.tidyverse.org,32,30,7
2018-12-24,googledrive.tidyverse.org,268,297,7
2018-12-24,haven.tidyverse.org,175,181,7
2018-12-24,here.r-lib.org,6,6,4
2018-12-24,lubridate.tidyverse.org,601,569,7
2018-12-24,magrittr.tidyverse.org,205,176,7
2018-12-24,modelr.tidyverse.org,51,54,7
2018-12-24,pillar.r-lib.org,4,4,4
2018-12-24,purrr.tidyverse.org,1170,1008,7
2018-12-24,readr.tidyverse.org,978,837,7
2018-12-24,readxl.tidyverse.org,1251,1268,7
2018-12-24,reprex.tidyverse.org,137,128,7
2018-12-24,rprojroot.r-lib.org,5,4,3
2018-12-24,stringr.tidyverse.org,1749,1744,7
2018-12-24,tibble.tidyverse.org,770,531,7
2018-12-24,tidymodels.github.io,462,677,7
2018-12-24,tidyr.tidyverse.org,2894,2681,7
2018-12-24,tidyverse.tidyverse.org,379,308,7
2018-12-24,www.tidyverse.org,5305,5206,7
2018-12-31,broom.tidyverse.org,102,102,7
2018-12-31,dbplyr.tidyverse.org,160,146,7
2018-12-31,dplyr.tidyverse.org,11678,12283,7
2018-12-31,forcats.tidyverse.org,90,72,2
2018-12-31,ggplot2.tidyverse.org,30080,37407,7
2018-12-31,glue.tidyverse.org,47,45,7
2018-12-31,googledrive.tidyverse.org,328,368,7
2018-12-31,haven.tidyverse.org,309,238,7
2018-12-31,here.r-lib.org,21,20,6
2018-12-31,lubridate.tidyverse.org,895,853,7
2018-12-31,magrittr.tidyverse.org,246,220,7
2018-12-31,modelr.tidyverse.org,52,48,7
2018-12-31,pillar.r-lib.org,7,7,4
2018-12-31,purrr.tidyverse.org,1740,1532,7
2018-12-31,readr.tidyverse.org,1325,1129,7
2018-12-31,readxl.tidyverse.org,1705,1696,7
2018-12-31,reprex.tidyverse.org,205,183,7
2018-12-31,rprojroot.r-lib.org,7,6,5
2018-12-31,stringr.tidyverse.org,2505,2512,7
2018-12-31,tibble.tidyverse.org,1253,956,7
2018-12-31,tidymodels.github.io,444,626,7
2018-12-31,tidyr.tidyverse.org,4301,3941,7
2018-12-31,tidyverse.tidyverse.org,565,436,7
2018-12-31,www.tidyverse.org,7723,7539,7
2019-01-07,broom.tidyverse.org,134,127,7
2019-01-07,dbplyr.tidyverse.org,430,357,7
2019-01-07,dplyr.tidyverse.org,18873,19901,7
2019-01-07,forcats.tidyverse.org,848,635,7
2019-01-07,ggplot2.tidyverse.org,48362,60131,7
2019-01-07,glue.tidyverse.org,79,72,7
2019-01-07,googledrive.tidyverse.org,461,504,7
2019-01-07,haven.tidyverse.org,494,475,7
2019-01-07,here.r-lib.org,24,22,7
2019-01-07,lubridate.tidyverse.org,1365,1317,7
2019-01-07,magrittr.tidyverse.org,362,310,7
2019-01-07,modelr.tidyverse.org,88,83,7
2019-01-07,pillar.r-lib.org,9,9,5
2019-01-07,principles.tidyverse.org,30,14,7
2019-01-07,purrr.tidyverse.org,2050,1718,7
2019-01-07,r4ds.had.co.nz,23207,30224,6
2019-01-07,readr.tidyverse.org,2174,1910,7
2019-01-07,readxl.tidyverse.org,2766,2817,7
2019-01-07,reprex.tidyverse.org,284,265,7
2019-01-07,rprojroot.r-lib.org,12,13,5
2019-01-07,stringr.tidyverse.org,4135,4045,7
2019-01-07,style.tidyverse.org,805,853,7
2019-01-07,tibble.tidyverse.org,1967,1506,7
2019-01-07,tidyeval.tidyverse.org,619,774,7
2019-01-07,tidymodels.github.io,545,808,7
2019-01-07,tidyr.tidyverse.org,6722,6131,7
2019-01-07,tidyverse.tidyverse.org,899,704,7
2019-01-07,www.tidyverse.org,9397,8926,7
2019-01-14,broom.tidyverse.org,183,174,7
2019-01-14,dbplyr.tidyverse.org,384,362,7
2019-01-14,dplyr.tidyverse.org,21279,22483,7
2019-01-14,forcats.tidyverse.org,1049,825,7
2019-01-14,ggplot2.tidyverse.org,53119,66345,7
2019-01-14,glue.tidyverse.org,79,78,7
2019-01-14,googledrive.tidyverse.org,431,468,7
2019-01-14,haven.tidyverse.org,500,495,7
2019-01-14,here.r-lib.org,23,19,6
2019-01-14,lubridate.tidyverse.org,1514,1453,7
2019-01-14,magrittr.tidyverse.org,406,359,7
2019-01-14,modelr.tidyverse.org,100,96,7
2019-01-14,pillar.r-lib.org,7,7,6
2019-01-14,principles.tidyverse.org,41,31,6
2019-01-14,purrr.tidyverse.org,2376,2029,7
2019-01-14,r4ds.had.co.nz,33090,43343,7
2019-01-14,readr.tidyverse.org,2465,2135,7
2019-01-14,readxl.tidyverse.org,3060,3073,7
2019-01-14,reprex.tidyverse.org,380,387,7
2019-01-14,rprojroot.r-lib.org,25,24,6
2019-01-14,stringr.tidyverse.org,4440,4442,7
2019-01-14,style.tidyverse.org,1118,1153,7
2019-01-14,tibble.tidyverse.org,2146,1606,7
2019-01-14,tidyeval.tidyverse.org,462,514,7
2019-01-14,tidymodels.github.io,843,1168,7
2019-01-14,tidyr.tidyverse.org,7628,7029,7
2019-01-14,tidyverse.tidyverse.org,1094,878,7
2019-01-14,www.tidyverse.org,10019,9521,7
2019-01-21,broom.tidyverse.org,196,189,7
2019-01-21,dbplyr.tidyverse.org,420,407,7
2019-01-21,dplyr.tidyverse.org,22621,23715,7
2019-01-21,forcats.tidyverse.org,1113,932,7
2019-01-21,ggplot2.tidyverse.org,56694,70619,7
2019-01-21,glue.tidyverse.org,87,80,7
2019-01-21,googledrive.tidyverse.org,518,558,7
2019-01-21,haven.tidyverse.org,503,481,7
2019-01-21,here.r-lib.org,27,27,7
2019-01-21,lubridate.tidyverse.org,1684,1614,7
2019-01-21,magrittr.tidyverse.org,461,395,7
2019-01-21,modelr.tidyverse.org,111,106,7
2019-01-21,pillar.r-lib.org,15,20,7
2019-01-21,principles.tidyverse.org,40,29,7
2019-01-21,purrr.tidyverse.org,2383,2006,7
2019-01-21,r4ds.had.co.nz,34357,44867,7
2019-01-21,readr.tidyverse.org,2521,2203,7
2019-01-21,readxl.tidyverse.org,3185,3285,7
2019-01-21,reprex.tidyverse.org,339,328,7
2019-01-21,rprojroot.r-lib.org,7,4,5
2019-01-21,stringr.tidyverse.org,4772,4749,7
2019-01-21,style.tidyverse.org,1112,1172,7
2019-01-21,tibble.tidyverse.org,2224,1633,7
2019-01-21,tidyeval.tidyverse.org,332,379,7
2019-01-21,tidymodels.github.io,767,1057,7
2019-01-21,tidyr.tidyverse.org,7989,7336,7
2019-01-21,tidyverse.tidyverse.org,1075,830,7
2019-01-21,www.tidyverse.org,9534,8936,7
2019-01-28,broom.tidyverse.org,164,150,7
2019-01-28,dbplyr.tidyverse.org,444,445,7
2019-01-28,dplyr.tidyverse.org,24383,25590,7
2019-01-28,forcats.tidyverse.org,1159,976,7
2019-01-28,ggplot2.tidyverse.org,59829,74684,7
2019-01-28,glue.tidyverse.org,78,67,7
2019-01-28,googledrive.tidyverse.org,502,554,7
2019-01-28,haven.tidyverse.org,478,451,7
2019-01-28,here.r-lib.org,29,31,6
2019-01-28,lubridate.tidyverse.org,1712,1648,7
2019-01-28,magrittr.tidyverse.org,443,382,7
2019-01-28,modelr.tidyverse.org,67,67,7
2019-01-28,pillar.r-lib.org,16,16,6
2019-01-28,principles.tidyverse.org,22,9,7
2019-01-28,purrr.tidyverse.org,2557,2175,7
2019-01-28,r4ds.had.co.nz,33191,43319,7
2019-01-28,readr.tidyverse.org,2804,2505,7
2019-01-28,readxl.tidyverse.org,3328,3411,7
2019-01-28,reprex.tidyverse.org,290,274,7
2019-01-28,rprojroot.r-lib.org,13,12,7
2019-01-28,stringr.tidyverse.org,4926,4948,7
2019-01-28,style.tidyverse.org,3387,3589,7
2019-01-28,tibble.tidyverse.org,2268,1676,7
2019-01-28,tidyeval.tidyverse.org,332,377,7
2019-01-28,tidymodels.github.io,762,1061,7
2019-01-28,tidyr.tidyverse.org,8778,8126,7
2019-01-28,tidyverse.tidyverse.org,1111,908,7
2019-01-28,www.tidyverse.org,9316,8667,7
2019-02-04,broom.tidyverse.org,165,167,7
2019-02-04,dbplyr.tidyverse.org,469,460,7
2019-02-04,dplyr.tidyverse.org,24927,26043,7
2019-02-04,forcats.tidyverse.org,1191,991,7
2019-02-04,ggplot2.tidyverse.org,60538,75011,7
2019-02-04,glue.tidyverse.org,92,79,7
2019-02-04,googledrive.tidyverse.org,537,583,7
2019-02-04,haven.tidyverse.org,578,558,7
2019-02-04,here.r-lib.org,16,16,5
2019-02-04,lubridate.tidyverse.org,1753,1709,7
2019-02-04,magrittr.tidyverse.org,474,390,7
2019-02-04,modelr.tidyverse.org,102,100,7
2019-02-04,pillar.r-lib.org,7,7,4
2019-02-04,principles.tidyverse.org,24,14,7
2019-02-04,purrr.tidyverse.org,2761,2349,7
2019-02-04,r4ds.had.co.nz,33495,43824,7
2019-02-04,readr.tidyverse.org,3026,2666,7
2019-02-04,readxl.tidyverse.org,3458,3503,7
2019-02-04,reprex.tidyverse.org,300,287,7
2019-02-04,rprojroot.r-lib.org,11,13,5
2019-02-04,stringr.tidyverse.org,5411,5446,7
2019-02-04,style.tidyverse.org,1821,1968,7
2019-02-04,tibble.tidyverse.org,2296,1716,7
2019-02-04,tidyeval.tidyverse.org,272,291,7
2019-02-04,tidymodels.github.io,697,945,7
2019-02-04,tidyr.tidyverse.org,9176,8486,7
2019-02-04,tidyverse.tidyverse.org,1186,929,7
2019-02-04,www.tidyverse.org,11445,10802,7
2019-02-11,broom.tidyverse.org,185,178,7
2019-02-11,dbplyr.tidyverse.org,545,543,7
2019-02-11,dplyr.tidyverse.org,25399,26712,7
2019-02-11,forcats.tidyverse.org,1256,1028,7
2019-02-11,ggplot2.tidyverse.org,62848,78184,7
2019-02-11,glue.tidyverse.org,96,83,7
2019-02-11,googledrive.tidyverse.org,506,548,7
2019-02-11,haven.tidyverse.org,547,531,7
2019-02-11,here.r-lib.org,23,23,6
2019-02-11,lubridate.tidyverse.org,1732,1672,7
2019-02-11,magrittr.tidyverse.org,460,389,7
2019-02-11,modelr.tidyverse.org,105,105,7
2019-02-11,pillar.r-lib.org,9,9,5
2019-02-11,principles.tidyverse.org,33,25,7
2019-02-11,purrr.tidyverse.org,2566,2188,7
2019-02-11,r4ds.had.co.nz,33799,44647,7
2019-02-11,readr.tidyverse.org,2792,2514,7
2019-02-11,readxl.tidyverse.org,3524,3620,7
2019-02-11,reprex.tidyverse.org,386,377,7
2019-02-11,rprojroot.r-lib.org,13,12,6
2019-02-11,stringr.tidyverse.org,5319,5334,7
2019-02-11,style.tidyverse.org,1738,1855,7
2019-02-11,tibble.tidyverse.org,2530,1901,7
2019-02-11,tidyeval.tidyverse.org,286,302,7
2019-02-11,tidymodels.github.io,635,878,7
2019-02-11,tidyr.tidyverse.org,9214,8541,7
2019-02-11,tidyverse.tidyverse.org,1205,955,7
2019-02-11,www.tidyverse.org,10252,9523,7
2019-02-18,broom.tidyverse.org,201,191,7
2019-02-18,dbplyr.tidyverse.org,464,444,7
2019-02-18,dplyr.tidyverse.org,25248,26178,7
2019-02-18,forcats.tidyverse.org,1383,1152,7
2019-02-18,ggplot2.tidyverse.org,63276,78603,7
2019-02-18,glue.tidyverse.org,131,113,7
2019-02-18,googledrive.tidyverse.org,444,486,7
2019-02-18,haven.tidyverse.org,634,549,7
2019-02-18,here.r-lib.org,22,19,7
2019-02-18,lubridate.tidyverse.org,1718,1611,7
2019-02-18,magrittr.tidyverse.org,460,396,7
2019-02-18,modelr.tidyverse.org,173,174,7
2019-02-18,pillar.r-lib.org,8,8,5
2019-02-18,principles.tidyverse.org,45,39,7
2019-02-18,purrr.tidyverse.org,2584,2198,7
2019-02-18,r4ds.had.co.nz,35678,46034,7
2019-02-18,readr.tidyverse.org,2636,2353,7
2019-02-18,readxl.tidyverse.org,3493,3560,7
2019-02-18,reprex.tidyverse.org,368,345,7
2019-02-18,rprojroot.r-lib.org,15,17,6
2019-02-18,stringr.tidyverse.org,5516,5462,7
2019-02-18,style.tidyverse.org,1170,1222,7
2019-02-18,tibble.tidyverse.org,2529,1916,7
2019-02-18,tidyeval.tidyverse.org,337,383,7
2019-02-18,tidymodels.github.io,672,912,7
2019-02-18,tidyr.tidyverse.org,9269,8538,7
2019-02-18,tidyverse.tidyverse.org,1150,917,7
2019-02-18,www.tidyverse.org,14509,14230,7
2019-02-25,broom.tidyverse.org,207,197,7
2019-02-25,dbplyr.tidyverse.org,481,488,7
2019-02-25,dplyr.tidyverse.org,26127,27340,7
2019-02-25,forcats.tidyverse.org,1497,1261,7
2019-02-25,ggplot2.tidyverse.org,64816,80569,7
2019-02-25,glue.tidyverse.org,90,84,7
2019-02-25,googledrive.tidyverse.org,512,562,7
2019-02-25,haven.tidyverse.org,571,544,7
2019-02-25,here.r-lib.org,20,19,7
2019-02-25,lubridate.tidyverse.org,1732,1673,7
2019-02-25,magrittr.tidyverse.org,428,383,7
2019-02-25,modelr.tidyverse.org,98,96,7
2019-02-25,pillar.r-lib.org,9,9,4
2019-02-25,principles.tidyverse.org,31,24,7
2019-02-25,purrr.tidyverse.org,2639,2307,7
2019-02-25,r4ds.had.co.nz,35376,45918,7
2019-02-25,readr.tidyverse.org,2819,2544,7
2019-02-25,readxl.tidyverse.org,3469,3512,7
2019-02-25,reprex.tidyverse.org,325,303,7
2019-02-25,rprojroot.r-lib.org,14,11,6
2019-02-25,stringr.tidyverse.org,5162,5134,7
2019-02-25,style.tidyverse.org,1123,1189,7
2019-02-25,tibble.tidyverse.org,2444,1919,7
2019-02-25,tidyeval.tidyverse.org,358,403,7
2019-02-25,tidymodels.github.io,858,1128,7
2019-02-25,tidyr.tidyverse.org,10098,9361,7
2019-02-25,tidyverse.tidyverse.org,1042,836,7
2019-02-25,www.tidyverse.org,10161,9498,7
2019-03-04,broom.tidyverse.org,174,164,7
2019-03-04,dbplyr.tidyverse.org,461,434,7
2019-03-04,dplyr.tidyverse.org,25985,27244,7
2019-03-04,forcats.tidyverse.org,1380,1155,7
2019-03-04,ggplot2.tidyverse.org,62084,77121,7
2019-03-04,glue.tidyverse.org,100,88,7
2019-03-04,googledrive.tidyverse.org,434,494,7
2019-03-04,haven.tidyverse.org,562,545,7
2019-03-04,here.r-lib.org,16,16,7
2019-03-04,lubridate.tidyverse.org,1627,1588,7
2019-03-04,magrittr.tidyverse.org,428,366,7
2019-03-04,modelr.tidyverse.org,120,122,7
2019-03-04,pillar.r-lib.org,12,12,5
2019-03-04,principles.tidyverse.org,40,40,7
2019-03-04,purrr.tidyverse.org,2607,2225,7
2019-03-04,r4ds.had.co.nz,32002,41453,7
2019-03-04,readr.tidyverse.org,2735,2421,7
2019-03-04,readxl.tidyverse.org,3221,3298,7
2019-03-04,reprex.tidyverse.org,339,306,7
2019-03-04,rprojroot.r-lib.org,7,7,4
2019-03-04,rvest.tidyverse.org,58,67,7
2019-03-04,stringr.tidyverse.org,5085,5055,7
2019-03-04,style.tidyverse.org,1120,1199,7
2019-03-04,tibble.tidyverse.org,2480,1898,7
2019-03-04,tidyeval.tidyverse.org,325,327,7
2019-03-04,tidymodels.github.io,819,1053,7
2019-03-04,tidyr.tidyverse.org,9898,9166,7
2019-03-04,tidyverse.tidyverse.org,978,762,7
2019-03-04,www.tidyverse.org,9705,9017,7
2019-03-11,broom.tidyverse.org,217,211,7
2019-03-11,dbplyr.tidyverse.org,486,453,7
2019-03-11,dplyr.tidyverse.org,26040,27357,7
2019-03-11,forcats.tidyverse.org,1256,1039,7
2019-03-11,ggplot2.tidyverse.org,62701,77915,7
2019-03-11,glue.tidyverse.org,106,104,7
2019-03-11,googledrive.tidyverse.org,449,494,7
2019-03-11,haven.tidyverse.org,564,545,7
2019-03-11,here.r-lib.org,20,19,7
2019-03-11,lubridate.tidyverse.org,1770,1688,7
2019-03-11,magrittr.tidyverse.org,408,339,7
2019-03-11,modelr.tidyverse.org,98,104,7
2019-03-11,pillar.r-lib.org,11,11,4
2019-03-11,principles.tidyverse.org,94,96,7
2019-03-11,purrr.tidyverse.org,2521,2149,7
2019-03-11,r4ds.had.co.nz,32603,42106,7
2019-03-11,readr.tidyverse.org,2749,2394,7
2019-03-11,readxl.tidyverse.org,3350,3406,7
2019-03-11,reprex.tidyverse.org,305,285,7
2019-03-11,rprojroot.r-lib.org,16,17,6
2019-03-11,rvest.tidyverse.org,64,69,7
2019-03-11,stringr.tidyverse.org,5725,5716,7
2019-03-11,style.tidyverse.org,1001,1006,7
2019-03-11,tibble.tidyverse.org,2579,1990,7
2019-03-11,tidyeval.tidyverse.org,322,346,7
2019-03-11,tidymodels.github.io,822,1061,7
2019-03-11,tidyr.tidyverse.org,10314,9704,7
2019-03-11,tidyverse.tidyverse.org,1074,847,7
2019-03-11,www.tidyverse.org,9847,9165,7
2019-03-18,broom.tidyverse.org,226,220,7
2019-03-18,dbplyr.tidyverse.org,480,476,7
2019-03-18,dplyr.tidyverse.org,27207,28728,7
2019-03-18,forcats.tidyverse.org,1238,1017,7
2019-03-18,ggplot2.tidyverse.org,63121,78158,7
2019-03-18,glue.tidyverse.org,112,103,7
2019-03-18,googledrive.tidyverse.org,510,571,7
2019-03-18,haven.tidyverse.org,580,570,7
2019-03-18,here.r-lib.org,25,26,7
2019-03-18,lubridate.tidyverse.org,1825,1767,7
2019-03-18,magrittr.tidyverse.org,405,351,7
2019-03-18,modelr.tidyverse.org,79,73,7
2019-03-18,pillar.r-lib.org,7,7,6
2019-03-18,principles.tidyverse.org,133,64,7
2019-03-18,purrr.tidyverse.org,2522,2167,7
2019-03-18,r4ds.had.co.nz,32816,42067,7
2019-03-18,readr.tidyverse.org,2774,2432,7
2019-03-18,readxl.tidyverse.org,3458,3554,7
2019-03-18,reprex.tidyverse.org,739,734,7
2019-03-18,rprojroot.r-lib.org,10,10,5
2019-03-18,rvest.tidyverse.org,66,68,7
2019-03-18,stringr.tidyverse.org,6081,6050,7
2019-03-18,style.tidyverse.org,1013,1057,7
2019-03-18,tibble.tidyverse.org,2737,2072,7
2019-03-18,tidyeval.tidyverse.org,356,346,7
2019-03-18,tidymodels.github.io,852,1124,7
2019-03-18,tidyr.tidyverse.org,19875,20412,7
2019-03-18,tidyverse.tidyverse.org,1115,895,7
2019-03-18,www.tidyverse.org,11713,10919,7
2019-03-25,broom.tidyverse.org,210,198,7
2019-03-25,dbplyr.tidyverse.org,500,499,7
2019-03-25,dplyr.tidyverse.org,28176,29862,7
2019-03-25,forcats.tidyverse.org,1441,1219,7
2019-03-25,ggplot2.tidyverse.org,63820,78690,7
2019-03-25,glue.tidyverse.org,110,106,7
2019-03-25,googledrive.tidyverse.org,439,481,7
2019-03-25,haven.tidyverse.org,538,518,7
2019-03-25,here.r-lib.org,12,12,5
2019-03-25,lubridate.tidyverse.org,1997,1937,7
2019-03-25,magrittr.tidyverse.org,343,282,7
2019-03-25,modelr.tidyverse.org,74,76,7
2019-03-25,pillar.r-lib.org,7,8,4
2019-03-25,principles.tidyverse.org,79,62,7
2019-03-25,purrr.tidyverse.org,2603,2198,7
2019-03-25,r4ds.had.co.nz,32677,42038,7
2019-03-25,readr.tidyverse.org,2929,2598,7
2019-03-25,readxl.tidyverse.org,3519,3562,7
2019-03-25,reprex.tidyverse.org,380,366,7
2019-03-25,rprojroot.r-lib.org,7,7,4
2019-03-25,rvest.tidyverse.org,96,108,7
2019-03-25,stringr.tidyverse.org,6006,5906,7
2019-03-25,style.tidyverse.org,1171,1194,7
2019-03-25,tibble.tidyverse.org,2772,2139,7
2019-03-25,tidyeval.tidyverse.org,381,362,7
2019-03-25,tidymodels.github.io,786,1059,7
2019-03-25,tidyr.tidyverse.org,12445,12021,7
2019-03-25,tidyverse.tidyverse.org,988,780,7
2019-03-25,www.tidyverse.org,9394,8562,7
2019-04-01,broom.tidyverse.org,243,237,7
2019-04-01,dbplyr.tidyverse.org,468,469,7
2019-04-01,dplyr.tidyverse.org,28841,30584,7
2019-04-01,forcats.tidyverse.org,1429,1210,7
2019-04-01,ggplot2.tidyverse.org,64934,80316,7
2019-04-01,glue.tidyverse.org,95,93,7
2019-04-01,googledrive.tidyverse.org,499,547,7
2019-04-01,haven.tidyverse.org,547,534,7
2019-04-01,here.r-lib.org,26,26,6
2019-04-01,lubridate.tidyverse.org,2104,2057,7
2019-04-01,magrittr.tidyverse.org,450,391,7
2019-04-01,modelr.tidyverse.org,67,66,7
2019-04-01,pillar.r-lib.org,11,11,6
2019-04-01,principles.tidyverse.org,333,351,7
2019-04-01,purrr.tidyverse.org,2565,2214,7
2019-04-01,r4ds.had.co.nz,33805,43174,7
2019-04-01,readr.tidyverse.org,2905,2605,7
2019-04-01,readxl.tidyverse.org,3438,3505,7
2019-04-01,reprex.tidyverse.org,371,358,7
2019-04-01,rprojroot.r-lib.org,12,11,5
2019-04-01,rvest.tidyverse.org,75,82,7
2019-04-01,stringr.tidyverse.org,6085,6080,7
2019-04-01,style.tidyverse.org,1238,1289,7
2019-04-01,tibble.tidyverse.org,2722,2134,7
2019-04-01,tidyeval.tidyverse.org,442,480,7
2019-04-01,tidymodels.github.io,779,1050,7
2019-04-01,tidyr.tidyverse.org,11538,10862,7
2019-04-01,tidyverse.tidyverse.org,1055,811,7
2019-04-01,www.tidyverse.org,9985,9309,7
2019-04-08,broom.tidyverse.org,257,253,7
2019-04-08,dbplyr.tidyverse.org,472,459,7
2019-04-08,dplyr.tidyverse.org,29678,31497,7
2019-04-08,forcats.tidyverse.org,1411,1183,7
2019-04-08,ggplot2.tidyverse.org,65141,80431,7
2019-04-08,glue.tidyverse.org,97,91,7
2019-04-08,googledrive.tidyverse.org,527,579,7
2019-04-08,haven.tidyverse.org,573,539,7
2019-04-08,here.r-lib.org,9,9,6
2019-04-08,lubridate.tidyverse.org,1904,1833,7
2019-04-08,magrittr.tidyverse.org,389,325,7
2019-04-08,modelr.tidyverse.org,69,60,7
2019-04-08,pillar.r-lib.org,8,9,4
2019-04-08,principles.tidyverse.org,75,64,7
2019-04-08,purrr.tidyverse.org,2575,2200,7
2019-04-08,r4ds.had.co.nz,33070,42561,7
2019-04-08,readr.tidyverse.org,2858,2517,7
2019-04-08,readxl.tidyverse.org,3582,3670,7
2019-04-08,reprex.tidyverse.org,373,355,7
2019-04-08,rprojroot.r-lib.org,7,7,5
2019-04-08,rvest.tidyverse.org,124,125,7
2019-04-08,stringr.tidyverse.org,6199,6179,7
2019-04-08,style.tidyverse.org,1143,1158,7
2019-04-08,tibble.tidyverse.org,2797,2166,7
2019-04-08,tidyeval.tidyverse.org,399,410,7
2019-04-08,tidymodels.github.io,821,1082,7
2019-04-08,tidyr.tidyverse.org,11464,10875,7
2019-04-08,tidyverse.tidyverse.org,1044,807,7
2019-04-08,www.tidyverse.org,10821,10074,7
2019-04-15,broom.tidyverse.org,250,239,7
2019-04-15,dbplyr.tidyverse.org,421,429,7
2019-04-15,dplyr.tidyverse.org,26631,28213,7
2019-04-15,forcats.tidyverse.org,1243,1034,7
2019-04-15,ggplot2.tidyverse.org,57484,71156,7
2019-04-15,glue.tidyverse.org,360,380,7
2019-04-15,googledrive.tidyverse.org,466,510,7
2019-04-15,haven.tidyverse.org,547,516,7
2019-04-15,here.r-lib.org,67,71,3
2019-04-15,lubridate.tidyverse.org,1799,1712,7
2019-04-15,magrittr.tidyverse.org,363,309,7
2019-04-15,modelr.tidyverse.org,84,86,7
2019-04-15,pillar.r-lib.org,6,6,3
2019-04-15,principles.tidyverse.org,88,93,7
2019-04-15,purrr.tidyverse.org,2398,2079,7
2019-04-15,r4ds.had.co.nz,31346,40178,7
2019-04-15,readr.tidyverse.org,2586,2343,7
2019-04-15,readxl.tidyverse.org,3064,3124,7
2019-04-15,reprex.tidyverse.org,327,326,7
2019-04-15,rprojroot.r-lib.org,13,15,5
2019-04-15,rvest.tidyverse.org,156,165,7
2019-04-15,stringr.tidyverse.org,5948,5957,7
2019-04-15,style.tidyverse.org,1002,1009,7
2019-04-15,tibble.tidyverse.org,2470,1891,7
2019-04-15,tidyeval.tidyverse.org,314,298,7
2019-04-15,tidymodels.github.io,657,876,7
2019-04-15,tidyr.tidyverse.org,10298,9693,7
2019-04-15,tidyverse.tidyverse.org,954,735,7
2019-04-15,www.tidyverse.org,8202,7488,7
2019-04-22,broom.tidyverse.org,202,204,7
2019-04-22,dbplyr.tidyverse.org,414,413,7
2019-04-22,dplyr.tidyverse.org,27586,29217,7
2019-04-22,forcats.tidyverse.org,1370,1139,7
2019-04-22,ggplot2.tidyverse.org,58613,71857,7
2019-04-22,glue.tidyverse.org,92,94,7
2019-04-22,googledrive.tidyverse.org,455,490,7
2019-04-22,haven.tidyverse.org,487,469,7
2019-04-22,lubridate.tidyverse.org,1764,1690,7
2019-04-22,magrittr.tidyverse.org,370,308,7
2019-04-22,modelr.tidyverse.org,98,93,7
2019-04-22,pillar.r-lib.org,5,5,4
2019-04-22,principles.tidyverse.org,49,40,7
2019-04-22,purrr.tidyverse.org,2319,2013,7
2019-04-22,r4ds.had.co.nz,30762,39763,7
2019-04-22,readr.tidyverse.org,2671,2385,7
2019-04-22,readxl.tidyverse.org,3145,3198,7
2019-04-22,reprex.tidyverse.org,299,287,7
2019-04-22,rprojroot.r-lib.org,15,16,6
2019-04-22,rvest.tidyverse.org,137,142,7
2019-04-22,stringr.tidyverse.org,5932,5927,7
2019-04-22,style.tidyverse.org,1058,1074,7
2019-04-22,tibble.tidyverse.org,2637,2073,7
2019-04-22,tidyeval.tidyverse.org,334,330,7
2019-04-22,tidymodels.github.io,764,995,7
2019-04-22,tidyr.tidyverse.org,10252,9663,7
2019-04-22,tidyverse.tidyverse.org,951,727,7
2019-04-22,www.tidyverse.org,9101,8489,7
2019-04-29,broom.tidyverse.org,185,176,7
2019-04-29,dbplyr.tidyverse.org,531,462,7
2019-04-29,dplyr.tidyverse.org,28491,30287,7
2019-04-29,forcats.tidyverse.org,1420,1203,7
2019-04-29,ggplot2.tidyverse.org,58194,71959,7
2019-04-29,glue.tidyverse.org,96,103,7
2019-04-29,googledrive.tidyverse.org,458,507,7
2019-04-29,haven.tidyverse.org,503,488,7
2019-04-29,lubridate.tidyverse.org,1780,1701,7
2019-04-29,magrittr.tidyverse.org,366,315,7
2019-04-29,modelr.tidyverse.org,80,75,7
2019-04-29,pillar.r-lib.org,6,7,2
2019-04-29,principles.tidyverse.org,99,94,7
2019-04-29,purrr.tidyverse.org,2523,2165,7
2019-04-29,r4ds.had.co.nz,30901,39378,7
2019-04-29,readr.tidyverse.org,2564,2263,7
2019-04-29,readxl.tidyverse.org,3235,3309,7
2019-04-29,reprex.tidyverse.org,346,329,7
2019-04-29,rprojroot.r-lib.org,18,18,7
2019-04-29,rvest.tidyverse.org,127,137,7
2019-04-29,stringr.tidyverse.org,5939,5923,7
2019-04-29,style.tidyverse.org,1011,1049,7
2019-04-29,tibble.tidyverse.org,2820,2244,7
2019-04-29,tidyeval.tidyverse.org,344,346,7
2019-04-29,tidymodels.github.io,817,1053,7
2019-04-29,tidyr.tidyverse.org,10496,9862,7
2019-04-29,tidyverse.tidyverse.org,900,675,7
2019-04-29,www.tidyverse.org,10776,10280,7
2019-05-06,broom.tidyverse.org,213,196,7
2019-05-06,dbplyr.tidyverse.org,518,492,7
2019-05-06,dplyr.tidyverse.org,28758,30632,7
2019-05-06,forcats.tidyverse.org,1380,1128,7
2019-05-06,ggplot2.tidyverse.org,59894,73795,7
2019-05-06,glue.tidyverse.org,92,89,7
2019-05-06,googledrive.tidyverse.org,507,553,7
2019-05-06,haven.tidyverse.org,602,583,7
2019-05-06,lubridate.tidyverse.org,1694,1649,7
2019-05-06,magrittr.tidyverse.org,401,335,7
2019-05-06,modelr.tidyverse.org,91,89,7
2019-05-06,pillar.r-lib.org,16,17,7
2019-05-06,principles.tidyverse.org,105,101,7
2019-05-06,purrr.tidyverse.org,2599,2253,7
2019-05-06,r4ds.had.co.nz,34082,43208,7
2019-05-06,readr.tidyverse.org,2701,2409,7
2019-05-06,readxl.tidyverse.org,3265,3353,7
2019-05-06,reprex.tidyverse.org,321,306,7
2019-05-06,rprojroot.r-lib.org,11,12,6
2019-05-06,rvest.tidyverse.org,152,158,7
2019-05-06,stringr.tidyverse.org,6088,6074,7
2019-05-06,style.tidyverse.org,1070,1064,7
2019-05-06,tibble.tidyverse.org,2836,2268,7
2019-05-06,tidyeval.tidyverse.org,327,329,7
2019-05-06,tidymodels.github.io,803,1064,7
2019-05-06,tidyr.tidyverse.org,10813,10212,7
2019-05-06,tidyverse.tidyverse.org,894,674,7
2019-05-06,www.tidyverse.org,11226,10788,7
2019-05-13,broom.tidyverse.org,212,197,7
2019-05-13,dbplyr.tidyverse.org,458,456,7
2019-05-13,dplyr.tidyverse.org,28908,30789,7
2019-05-13,forcats.tidyverse.org,1484,1247,7
2019-05-13,ggplot2.tidyverse.org,59302,73675,7
2019-05-13,glue.tidyverse.org,105,99,7
2019-05-13,googledrive.tidyverse.org,540,566,7
2019-05-13,haven.tidyverse.org,589,568,7
2019-05-13,httr.r-lib.org,8,14,2
2019-05-13,lubridate.tidyverse.org,1736,1627,7
2019-05-13,magrittr.tidyverse.org,545,478,7
2019-05-13,modelr.tidyverse.org,73,70,7
2019-05-13,pillar.r-lib.org,15,18,5
2019-05-13,pkgdown.r-lib.org,2,2,2
2019-05-13,principles.tidyverse.org,135,123,7
2019-05-13,purrr.tidyverse.org,2618,2233,7
2019-05-13,r4ds.had.co.nz,31988,40878,7
2019-05-13,readr.tidyverse.org,2746,2430,7
2019-05-13,readxl.tidyverse.org,3448,3494,7
2019-05-13,reprex.tidyverse.org,386,376,7
2019-05-13,rprojroot.r-lib.org,10,10,4
2019-05-13,rvest.tidyverse.org,173,182,7
2019-05-13,stringr.tidyverse.org,7326,7383,7
2019-05-13,style.tidyverse.org,1072,1054,7
2019-05-13,tibble.tidyverse.org,2993,2364,7
2019-05-13,tidyeval.tidyverse.org,383,400,7
2019-05-13,tidymodels.github.io,925,1196,7
2019-05-13,tidyr.tidyverse.org,11409,10821,7
2019-05-13,tidyverse.tidyverse.org,1114,865,7
2019-05-13,www.tidyverse.org,9777,9216,7
2019-05-20,broom.tidyverse.org,223,209,7
2019-05-20,dbplyr.tidyverse.org,477,467,7
2019-05-20,dplyr.tidyverse.org,28186,29827,7
2019-05-20,forcats.tidyverse.org,1398,1188,7
2019-05-20,ggplot2.tidyverse.org,56634,69886,7
2019-05-20,glue.tidyverse.org,91,86,7
2019-05-20,googledrive.tidyverse.org,426,460,7
2019-05-20,haven.tidyverse.org,582,556,7
2019-05-20,httr.r-lib.org,108,127,7
2019-05-20,lubridate.tidyverse.org,1712,1663,7
2019-05-20,magrittr.tidyverse.org,399,369,7
2019-05-20,modelr.tidyverse.org,93,102,7
2019-05-20,pillar.r-lib.org,11,11,4
2019-05-20,principles.tidyverse.org,162,159,7
2019-05-20,purrr.tidyverse.org,2653,2261,7
2019-05-20,r4ds.had.co.nz,32473,41527,7
2019-05-20,readr.tidyverse.org,2756,2431,7
2019-05-20,readxl.tidyverse.org,3335,3409,7
2019-05-20,reprex.tidyverse.org,372,353,7
2019-05-20,rprojroot.r-lib.org,14,14,5
2019-05-20,rvest.tidyverse.org,153,160,7
2019-05-20,stringr.tidyverse.org,6883,6912,7
2019-05-20,style.tidyverse.org,1052,1060,7
2019-05-20,tibble.tidyverse.org,2943,2336,7
2019-05-20,tidyeval.tidyverse.org,342,344,7
2019-05-20,tidymodels.github.io,783,1085,7
2019-05-20,tidyr.tidyverse.org,11078,10377,7
2019-05-20,tidyverse.tidyverse.org,1009,781,7
2019-05-20,www.tidyverse.org,9328,8737,7
2019-05-27,broom.tidyverse.org,210,200,7
2019-05-27,dbplyr.tidyverse.org,411,418,7
2019-05-27,dplyr.tidyverse.org,25894,27512,7
2019-05-27,forcats.tidyverse.org,1221,983,7
2019-05-27,ggplot2.tidyverse.org,52696,64875,7
2019-05-27,glue.tidyverse.org,76,76,7
2019-05-27,googledrive.tidyverse.org,428,482,7
2019-05-27,haven.tidyverse.org,489,467,7
2019-05-27,httr.r-lib.org,88,93,7
2019-05-27,lubridate.tidyverse.org,1603,1547,7
2019-05-27,magrittr.tidyverse.org,355,288,7
2019-05-27,modelr.tidyverse.org,76,77,7
2019-05-27,pillar.r-lib.org,10,11,5
2019-05-27,pkgdown.r-lib.org,6,6,3
2019-05-27,principles.tidyverse.org,69,64,7
2019-05-27,purrr.tidyverse.org,2382,2073,7
2019-05-27,r4ds.had.co.nz,29031,36865,7
2019-05-27,readr.tidyverse.org,2346,2101,7
2019-05-27,readxl.tidyverse.org,3030,3075,7
2019-05-27,reprex.tidyverse.org,319,306,7
2019-05-27,rprojroot.r-lib.org,4,4,4
2019-05-27,rvest.tidyverse.org,153,174,7
2019-05-27,stringr.tidyverse.org,6067,6050,7
2019-05-27,style.tidyverse.org,890,896,7
2019-05-27,tibble.tidyverse.org,2761,2159,7
2019-05-27,tidyeval.tidyverse.org,313,314,7
2019-05-27,tidymodels.github.io,804,1061,7
2019-05-27,tidyr.tidyverse.org,9730,9116,7
2019-05-27,tidyverse.tidyverse.org,933,732,7
2019-05-27,www.tidyverse.org,8830,8408,7
2019-06-03,broom.tidyverse.org,238,231,7
2019-06-03,dbplyr.tidyverse.org,531,523,7
2019-06-03,dplyr.tidyverse.org,26948,28676,7
2019-06-03,forcats.tidyverse.org,1298,1097,7
2019-06-03,gargle.r-lib.org,27,38,7
2019-06-03,ggplot2.tidyverse.org,55349,67868,7
2019-06-03,glue.tidyverse.org,108,104,7
2019-06-03,googledrive.tidyverse.org,453,491,7
2019-06-03,haven.tidyverse.org,481,459,7
2019-06-03,httr.r-lib.org,90,92,7
2019-06-03,lubridate.tidyverse.org,1704,1648,7
2019-06-03,magrittr.tidyverse.org,389,334,7
2019-06-03,modelr.tidyverse.org,103,98,7
2019-06-03,pillar.r-lib.org,11,11,5
2019-06-03,principles.tidyverse.org,93,93,7
2019-06-03,purrr.tidyverse.org,2500,2135,7
2019-06-03,r4ds.had.co.nz,30540,38957,7
2019-06-03,readr.tidyverse.org,2593,2283,7
2019-06-03,readxl.tidyverse.org,3277,3317,7
2019-06-03,reprex.tidyverse.org,284,274,7
2019-06-03,rprojroot.r-lib.org,11,12,6
2019-06-03,rvest.tidyverse.org,162,171,7
2019-06-03,stringr.tidyverse.org,6330,6327,7
2019-06-03,style.tidyverse.org,1339,1382,7
2019-06-03,tibble.tidyverse.org,2925,2376,7
2019-06-03,tidyeval.tidyverse.org,403,403,7
2019-06-03,tidymodels.github.io,776,1053,7
2019-06-03,tidyr.tidyverse.org,9913,9221,7
2019-06-03,tidyverse.tidyverse.org,948,741,7
2019-06-03,www.tidyverse.org,8818,8171,7
2019-06-10,broom.tidyverse.org,194,194,7
2019-06-10,dbplyr.tidyverse.org,494,496,7
2019-06-10,dplyr.tidyverse.org,26546,28440,7
2019-06-10,forcats.tidyverse.org,1262,1056,7
2019-06-10,gargle.r-lib.org,15,25,6
2019-06-10,ggplot2.tidyverse.org,54193,66538,7
2019-06-10,glue.tidyverse.org,83,83,7
2019-06-10,googledrive.tidyverse.org,397,421,7
2019-06-10,haven.tidyverse.org,515,497,7
2019-06-10,httr.r-lib.org,90,100,7
2019-06-10,lubridate.tidyverse.org,1614,1570,7
2019-06-10,magrittr.tidyverse.org,361,323,7
2019-06-10,modelr.tidyverse.org,86,90,7
2019-06-10,pillar.r-lib.org,5,5,3
2019-06-10,pkgdown.r-lib.org,2,3,2
2019-06-10,principles.tidyverse.org,85,77,7
2019-06-10,purrr.tidyverse.org,2463,2158,7
2019-06-10,r4ds.had.co.nz,29740,37880,7
2019-06-10,readr.tidyverse.org,2549,2262,7
2019-06-10,readxl.tidyverse.org,3077,3147,7
2019-06-10,reprex.tidyverse.org,301,289,7
2019-06-10,rprojroot.r-lib.org,11,11,4
2019-06-10,rvest.tidyverse.org,169,181,7
2019-06-10,stringr.tidyverse.org,6154,6202,7
2019-06-10,style.tidyverse.org,1127,1125,7
2019-06-10,tibble.tidyverse.org,2732,2182,7
2019-06-10,tidyeval.tidyverse.org,390,422,7
2019-06-10,tidymodels.github.io,762,957,7
2019-06-10,tidyr.tidyverse.org,9605,9023,7
2019-06-10,tidyverse.tidyverse.org,928,713,7
2019-06-10,www.tidyverse.org,9760,9304,7
2019-06-17,broom.tidyverse.org,219,206,7
2019-06-17,dbplyr.tidyverse.org,455,456,7
2019-06-17,dplyr.tidyverse.org,26912,28810,7
2019-06-17,forcats.tidyverse.org,1296,1095,7
2019-06-17,gargle.r-lib.org,30,32,7
2019-06-17,ggplot2.tidyverse.org,53141,65154,7
2019-06-17,glue.tidyverse.org,98,95,7
2019-06-17,googledrive.tidyverse.org,397,446,7
2019-06-17,haven.tidyverse.org,515,493,7
2019-06-17,httr.r-lib.org,91,98,7
2019-06-17,lubridate.tidyverse.org,1673,1615,7
2019-06-17,magrittr.tidyverse.org,390,329,7
2019-06-17,modelr.tidyverse.org,120,113,7
2019-06-17,pillar.r-lib.org,8,8,6
2019-06-17,pkgdown.r-lib.org,1,1,1
2019-06-17,principles.tidyverse.org,157,166,7
2019-06-17,purrr.tidyverse.org,2547,2256,7
2019-06-17,r4ds.had.co.nz,29452,37280,7
2019-06-17,readr.tidyverse.org,2536,2265,7
2019-06-17,readxl.tidyverse.org,3228,3335,7
2019-06-17,reprex.tidyverse.org,333,314,7
2019-06-17,rprojroot.r-lib.org,13,13,5
2019-06-17,rvest.tidyverse.org,179,185,7
2019-06-17,stringr.tidyverse.org,6220,6332,7
2019-06-17,style.tidyverse.org,1054,1045,7
2019-06-17,tibble.tidyverse.org,2618,2056,7
2019-06-17,tidyeval.tidyverse.org,431,468,7
2019-06-17,tidymodels.github.io,996,1297,7
2019-06-17,tidyr.tidyverse.org,9592,9025,7
2019-06-17,tidyverse.tidyverse.org,908,697,7
2019-06-17,www.tidyverse.org,10512,10225,7
2019-06-24,broom.tidyverse.org,249,234,7
2019-06-24,dbplyr.tidyverse.org,522,532,7
2019-06-24,dplyr.tidyverse.org,27120,28948,7
2019-06-24,dtplyr.tidyverse.org,56,56,6
2019-06-24,forcats.tidyverse.org,1309,1093,7
2019-06-24,gargle.r-lib.org,34,51,7
2019-06-24,ggplot2.tidyverse.org,52245,63680,7
2019-06-24,glue.tidyverse.org,111,111,7
2019-06-24,googledrive.tidyverse.org,440,492,7
2019-06-24,haven.tidyverse.org,506,501,7
2019-06-24,httr.r-lib.org,107,119,7
2019-06-24,lubridate.tidyverse.org,1650,1574,7
2019-06-24,magrittr.tidyverse.org,433,360,7
2019-06-24,modelr.tidyverse.org,120,110,7
2019-06-24,pillar.r-lib.org,10,10,4
2019-06-24,pkgdown.r-lib.org,2,3,2
2019-06-24,principles.tidyverse.org,86,77,7
2019-06-24,purrr.tidyverse.org,2448,2128,7
2019-06-24,r4ds.had.co.nz,29843,37846,7
2019-06-24,readr.tidyverse.org,2538,2241,7
2019-06-24,readxl.tidyverse.org,3383,3461,7
2019-06-24,reprex.tidyverse.org,311,314,7
2019-06-24,rlang.r-lib.org,365,399,4
2019-06-24,rprojroot.r-lib.org,6,7,3
2019-06-24,rvest.tidyverse.org,180,190,7
2019-06-24,stringr.tidyverse.org,6212,6267,7
2019-06-24,style.tidyverse.org,1178,1240,7
2019-06-24,testthat.r-lib.org,275,314,6
2019-06-24,tibble.tidyverse.org,2677,2092,7
2019-06-24,tidyeval.tidyverse.org,443,469,7
2019-06-24,tidymodels.github.io,1013,1353,7
2019-06-24,tidyr.tidyverse.org,9540,8878,7
2019-06-24,tidyverse.tidyverse.org,1015,805,7
2019-06-24,usethis.r-lib.org,3,3,2
2019-06-24,vroom.r-lib.org,85,106,6
2019-06-24,www.tidyverse.org,12269,12093,7
2019-07-01,bigrquery.r-dbi.org,108,123,6
2019-07-01,broom.tidyverse.org,255,249,7
2019-07-01,dbplyr.tidyverse.org,446,413,7
2019-07-01,devtools.r-lib.org,96,97,7
2019-07-01,dplyr.tidyverse.org,24347,25666,7
2019-07-01,dtplyr.tidyverse.org,72,78,7
2019-07-01,forcats.tidyverse.org,1299,1072,7
2019-07-01,gargle.r-lib.org,186,203,7
2019-07-01,ggplot2.tidyverse.org,46891,57747,7
2019-07-01,glue.tidyverse.org,96,98,7
2019-07-01,googledrive.tidyverse.org,376,415,7
2019-07-01,haven.tidyverse.org,451,443,7
2019-07-01,httr.r-lib.org,110,116,7
2019-07-01,lubridate.tidyverse.org,1718,1646,7
2019-07-01,magrittr.tidyverse.org,331,280,7
2019-07-01,modelr.tidyverse.org,68,65,7
2019-07-01,pillar.r-lib.org,11,11,5
2019-07-01,pkgdown.r-lib.org,3,2,3
2019-07-01,principles.tidyverse.org,151,148,7
2019-07-01,purrr.tidyverse.org,2206,1868,7
2019-07-01,r4ds.had.co.nz,27739,35307,7
2019-07-01,readr.tidyverse.org,2194,1898,7
2019-07-01,readxl.tidyverse.org,2948,3040,7
2019-07-01,reprex.tidyverse.org,313,298,7
2019-07-01,rlang.r-lib.org,725,785,7
2019-07-01,rprojroot.r-lib.org,14,16,5
2019-07-01,rvest.tidyverse.org,170,180,7
2019-07-01,stringr.tidyverse.org,5826,5863,7
2019-07-01,style.tidyverse.org,934,939,7
2019-07-01,testthat.r-lib.org,359,391,7
2019-07-01,tibble.tidyverse.org,2626,2129,7
2019-07-01,tidyeval.tidyverse.org,450,490,7
2019-07-01,tidymodels.github.io,786,1085,7
2019-07-01,tidyr.tidyverse.org,8614,7965,7
2019-07-01,tidyverse.tidyverse.org,882,692,7
2019-07-01,usethis.r-lib.org,1123,1219,6
2019-07-01,vroom.r-lib.org,183,216,7
2019-07-01,www.tidyverse.org,10932,10755,7
2019-07-08,bigrquery.r-dbi.org,50,64,7
2019-07-08,broom.tidyverse.org,238,229,7
2019-07-08,dbplyr.tidyverse.org,468,440,7
2019-07-08,devtools.r-lib.org,130,140,7
2019-07-08,dplyr.tidyverse.org,27073,28892,7
2019-07-08,dtplyr.tidyverse.org,92,101,7
2019-07-08,forcats.tidyverse.org,1298,1081,7
2019-07-08,gargle.r-lib.org,51,68,7
2019-07-08,ggplot2.tidyverse.org,51532,63813,7
2019-07-08,glue.tidyverse.org,142,137,7
2019-07-08,googledrive.tidyverse.org,404,444,7
2019-07-08,haven.tidyverse.org,541,508,7
2019-07-08,httr.r-lib.org,116,124,7
2019-07-08,lubridate.tidyverse.org,1796,1711,7
2019-07-08,magrittr.tidyverse.org,352,316,7
2019-07-08,modelr.tidyverse.org,76,71,7
2019-07-08,multidplyr.tidyverse.org,21,24,3
2019-07-08,pillar.r-lib.org,23,25,6
2019-07-08,pkgdown.r-lib.org,2,2,1
2019-07-08,principles.tidyverse.org,96,89,7
2019-07-08,purrr.tidyverse.org,2476,2105,7
2019-07-08,r4ds.had.co.nz,30184,38383,7
2019-07-08,readr.tidyverse.org,2616,2296,7
2019-07-08,readxl.tidyverse.org,3259,3342,7
2019-07-08,reprex.tidyverse.org,351,325,7
2019-07-08,rlang.r-lib.org,955,1013,7
2019-07-08,rprojroot.r-lib.org,11,12,6
2019-07-08,rvest.tidyverse.org,246,261,7
2019-07-08,stringr.tidyverse.org,6282,6292,7
2019-07-08,style.tidyverse.org,1132,1152,7
2019-07-08,testthat.r-lib.org,416,460,7
2019-07-08,tibble.tidyverse.org,2839,2257,7
2019-07-08,tidyeval.tidyverse.org,462,450,7
2019-07-08,tidymodels.github.io,1218,1621,7
2019-07-08,tidyr.tidyverse.org,10063,9393,7
2019-07-08,tidyverse.tidyverse.org,963,722,7
2019-07-08,usethis.r-lib.org,664,798,7
2019-07-08,vroom.r-lib.org,144,157,7
2019-07-08,www.tidyverse.org,9525,9111,7
2019-07-15,bigrquery.r-dbi.org,59,73,7
2019-07-15,broom.tidyverse.org,281,269,7
2019-07-15,dbplyr.tidyverse.org,499,472,7
2019-07-15,devtools.r-lib.org,93,95,7
2019-07-15,dplyr.tidyverse.org,27480,29534,7
2019-07-15,dtplyr.tidyverse.org,49,51,7
2019-07-15,forcats.tidyverse.org,1356,1139,7
2019-07-15,gargle.r-lib.org,45,54,7
2019-07-15,ggplot2.tidyverse.org,51966,64045,7
2019-07-15,glue.tidyverse.org,117,107,7
2019-07-15,googledrive.tidyverse.org,377,426,7
2019-07-15,haven.tidyverse.org,533,522,7
2019-07-15,httr.r-lib.org,112,132,7
2019-07-15,lubridate.tidyverse.org,1772,1723,7
2019-07-15,magrittr.tidyverse.org,368,297,7
2019-07-15,modelr.tidyverse.org,82,78,7
2019-07-15,multidplyr.tidyverse.org,47,51,7
2019-07-15,pillar.r-lib.org,6,6,5
2019-07-15,pkgdown.r-lib.org,1,1,1
2019-07-15,principles.tidyverse.org,50,42,7
2019-07-15,purrr.tidyverse.org,2372,2025,7
2019-07-15,r4ds.had.co.nz,29479,37679,7
2019-07-15,readr.tidyverse.org,2578,2343,7
2019-07-15,readxl.tidyverse.org,3272,3358,7
2019-07-15,reprex.tidyverse.org,311,307,7
2019-07-15,rlang.r-lib.org,718,752,7
2019-07-15,rprojroot.r-lib.org,11,12,5
2019-07-15,rvest.tidyverse.org,186,194,7
2019-07-15,stringr.tidyverse.org,6399,6406,7
2019-07-15,style.tidyverse.org,1115,1136,7
2019-07-15,testthat.r-lib.org,376,422,7
2019-07-15,tibble.tidyverse.org,2814,2248,7
2019-07-15,tidyeval.tidyverse.org,440,416,7
2019-07-15,tidymodels.github.io,1218,1610,7
2019-07-15,tidyr.tidyverse.org,9979,9265,7
2019-07-15,tidyverse.tidyverse.org,919,728,7
2019-07-15,usethis.r-lib.org,526,601,7
2019-07-15,vroom.r-lib.org,90,101,7
2019-07-15,www.tidyverse.org,9746,9241,7
2019-07-22,bigrquery.r-dbi.org,71,95,6
2019-07-22,broom.tidyverse.org,233,230,7
2019-07-22,dbplyr.tidyverse.org,504,489,7
2019-07-22,devtools.r-lib.org,111,118,7
2019-07-22,dplyr.tidyverse.org,27306,29158,7
2019-07-22,dtplyr.tidyverse.org,2387,2534,7
2019-07-22,forcats.tidyverse.org,1230,1011,7
2019-07-22,gargle.r-lib.org,67,96,7
2019-07-22,ggplot2.tidyverse.org,50454,62482,7
2019-07-22,glue.tidyverse.org,131,121,7
2019-07-22,googledrive.tidyverse.org,419,469,7
2019-07-22,haven.tidyverse.org,530,514,7
2019-07-22,httr.r-lib.org,109,130,7
2019-07-22,lubridate.tidyverse.org,1712,1648,7
2019-07-22,magrittr.tidyverse.org,368,321,7
2019-07-22,modelr.tidyverse.org,81,77,7
2019-07-22,multidplyr.tidyverse.org,428,435,7
2019-07-22,pillar.r-lib.org,4,4,3
2019-07-22,principles.tidyverse.org,66,54,7
2019-07-22,purrr.tidyverse.org,2388,2121,7
2019-07-22,r4ds.had.co.nz,29296,37200,7
2019-07-22,readr.tidyverse.org,2610,2311,7
2019-07-22,readxl.tidyverse.org,3136,3202,7
2019-07-22,reprex.tidyverse.org,296,291,7
2019-07-22,rlang.r-lib.org,716,757,7
2019-07-22,rprojroot.r-lib.org,10,12,7
2019-07-22,rvest.tidyverse.org,194,216,7
2019-07-22,stringr.tidyverse.org,6365,6394,7
2019-07-22,style.tidyverse.org,987,1016,7
2019-07-22,testthat.r-lib.org,522,573,7
2019-07-22,tibble.tidyverse.org,2711,2176,7
2019-07-22,tidyeval.tidyverse.org,490,481,7
2019-07-22,tidymodels.github.io,1186,1549,7
2019-07-22,tidyr.tidyverse.org,10030,9476,7
2019-07-22,tidyverse.tidyverse.org,939,749,7
2019-07-22,usethis.r-lib.org,404,445,7
2019-07-22,vroom.r-lib.org,81,100,7
2019-07-22,www.tidyverse.org,8863,8216,7
2019-07-22,xml2.r-lib.org,26,27,5
2019-07-29,bigrquery.r-dbi.org,56,61,7
2019-07-29,broom.tidyverse.org,271,269,7
2019-07-29,dbplyr.tidyverse.org,531,515,7
2019-07-29,devtools.r-lib.org,134,132,7
2019-07-29,dplyr.tidyverse.org,26636,28495,7
2019-07-29,dtplyr.tidyverse.org,218,246,7
2019-07-29,forcats.tidyverse.org,1168,966,7
2019-07-29,gargle.r-lib.org,64,76,7
2019-07-29,ggplot2.tidyverse.org,49862,61948,7
2019-07-29,glue.tidyverse.org,111,111,7
2019-07-29,googledrive.tidyverse.org,396,432,7
2019-07-29,haven.tidyverse.org,510,498,7
2019-07-29,httr.r-lib.org,129,150,7
2019-07-29,lubridate.tidyverse.org,1663,1612,7
2019-07-29,magrittr.tidyverse.org,384,318,7
2019-07-29,modelr.tidyverse.org,75,77,7
2019-07-29,multidplyr.tidyverse.org,49,51,7
2019-07-29,pillar.r-lib.org,6,6,4
2019-07-29,principles.tidyverse.org,54,58,7
2019-07-29,purrr.tidyverse.org,2261,1971,7
2019-07-29,r4ds.had.co.nz,29124,37001,7
2019-07-29,readr.tidyverse.org,2423,2232,7
2019-07-29,readxl.tidyverse.org,3043,3152,7
2019-07-29,reprex.tidyverse.org,333,313,7
2019-07-29,rlang.r-lib.org,636,675,7
2019-07-29,rprojroot.r-lib.org,12,12,7
2019-07-29,rvest.tidyverse.org,232,253,7
2019-07-29,stringr.tidyverse.org,6213,6248,7
2019-07-29,style.tidyverse.org,1057,1096,7
2019-07-29,testthat.r-lib.org,362,396,7
2019-07-29,tibble.tidyverse.org,2692,2150,7
2019-07-29,tidyeval.tidyverse.org,398,405,7
2019-07-29,tidymodels.github.io,1011,1375,7
2019-07-29,tidyr.tidyverse.org,10136,9485,7
2019-07-29,tidyverse.tidyverse.org,890,675,7
2019-07-29,usethis.r-lib.org,477,516,7
2019-07-29,vroom.r-lib.org,84,88,7
2019-07-29,www.tidyverse.org,8839,8319,7
2019-07-29,xml2.r-lib.org,159,165,7
2019-08-05,bigrquery.r-dbi.org,45,56,7
2019-08-05,broom.tidyverse.org,237,240,7
2019-08-05,dbplyr.tidyverse.org,533,556,7
2019-08-05,devtools.r-lib.org,131,133,7
2019-08-05,dplyr.tidyverse.org,26434,28080,7
2019-08-05,dtplyr.tidyverse.org,101,100,7
2019-08-05,forcats.tidyverse.org,1428,1218,7
2019-08-05,gargle.r-lib.org,33,51,7
2019-08-05,ggplot2.tidyverse.org,50959,62663,7
2019-08-05,glue.tidyverse.org,108,106,7
2019-08-05,googledrive.tidyverse.org,454,490,7
2019-08-05,haven.tidyverse.org,576,559,7
2019-08-05,httr.r-lib.org,137,148,7
2019-08-05,lubridate.tidyverse.org,1649,1580,7
2019-08-05,magrittr.tidyverse.org,349,298,7
2019-08-05,modelr.tidyverse.org,111,117,7
2019-08-05,multidplyr.tidyverse.org,23,22,6
2019-08-05,pillar.r-lib.org,6,6,3
2019-08-05,pkgdown.r-lib.org,4,4,3
2019-08-05,principles.tidyverse.org,96,93,7
2019-08-05,purrr.tidyverse.org,2363,2055,7
2019-08-05,r4ds.had.co.nz,28651,36266,7
2019-08-05,readr.tidyverse.org,2585,2353,7
2019-08-05,readxl.tidyverse.org,3024,3072,7
2019-08-05,reprex.tidyverse.org,315,307,7
2019-08-05,rlang.r-lib.org,662,699,7
2019-08-05,rprojroot.r-lib.org,7,7,5
2019-08-05,rvest.tidyverse.org,203,222,7
2019-08-05,stringr.tidyverse.org,6003,6022,7
2019-08-05,style.tidyverse.org,1982,2128,7
2019-08-05,testthat.r-lib.org,368,414,7
2019-08-05,tibble.tidyverse.org,3355,2817,7
2019-08-05,tidyeval.tidyverse.org,407,433,7
2019-08-05,tidymodels.github.io,1186,1588,7
2019-08-05,tidyr.tidyverse.org,10025,9528,7
2019-08-05,tidyverse.tidyverse.org,894,694,7
2019-08-05,usethis.r-lib.org,439,487,7
2019-08-05,vroom.r-lib.org,62,68,7
2019-08-05,www.tidyverse.org,8441,7853,7
2019-08-05,xml2.r-lib.org,41,48,7
2019-08-12,bigrquery.r-dbi.org,51,61,7
2019-08-12,broom.tidyverse.org,202,193,7
2019-08-12,dbplyr.tidyverse.org,558,538,7
2019-08-12,devtools.r-lib.org,101,103,7
2019-08-12,dplyr.tidyverse.org,26030,27642,7
2019-08-12,dtplyr.tidyverse.org,407,425,7
2019-08-12,forcats.tidyverse.org,1366,1123,7
2019-08-12,gargle.r-lib.org,46,81,7
2019-08-12,ggplot2.tidyverse.org,49975,61645,7
2019-08-12,glue.tidyverse.org,95,88,7
2019-08-12,googledrive.tidyverse.org,392,438,7
2019-08-12,haven.tidyverse.org,521,522,7
2019-08-12,httr.r-lib.org,120,128,7
2019-08-12,lubridate.tidyverse.org,1683,1595,7
2019-08-12,magrittr.tidyverse.org,364,318,7
2019-08-12,modelr.tidyverse.org,101,104,7
2019-08-12,multidplyr.tidyverse.org,30,32,7
2019-08-12,pillar.r-lib.org,13,13,7
2019-08-12,principles.tidyverse.org,86,93,7
2019-08-12,purrr.tidyverse.org,2339,1974,7
2019-08-12,r4ds.had.co.nz,28995,36472,7
2019-08-12,readr.tidyverse.org,2395,2148,7
2019-08-12,readxl.tidyverse.org,2936,2985,7
2019-08-12,reprex.tidyverse.org,314,298,7
2019-08-12,rlang.r-lib.org,655,689,7
2019-08-12,rprojroot.r-lib.org,10,11,5
2019-08-12,rvest.tidyverse.org,182,195,7
2019-08-12,stringr.tidyverse.org,5886,5893,7
2019-08-12,style.tidyverse.org,1460,1599,7
2019-08-12,testthat.r-lib.org,355,390,7
2019-08-12,tibble.tidyverse.org,3019,2449,7
2019-08-12,tidyeval.tidyverse.org,893,964,7
2019-08-12,tidymodels.github.io,1003,1318,7
2019-08-12,tidyr.tidyverse.org,9748,9102,7
2019-08-12,tidyverse.tidyverse.org,900,724,7
2019-08-12,usethis.r-lib.org,399,449,7
2019-08-12,vroom.r-lib.org,97,111,7
2019-08-12,www.tidyverse.org,8557,7942,7
2019-08-12,xml2.r-lib.org,39,42,7
2019-08-19,bigrquery.r-dbi.org,90,109,7
2019-08-19,broom.tidyverse.org,240,234,7
2019-08-19,dbplyr.tidyverse.org,501,494,7
2019-08-19,devtools.r-lib.org,216,216,7
2019-08-19,dplyr.tidyverse.org,27035,28684,7
2019-08-19,dtplyr.tidyverse.org,221,248,7
2019-08-19,forcats.tidyverse.org,1532,1285,7
2019-08-19,gargle.r-lib.org,161,219,7
2019-08-19,ggplot2.tidyverse.org,50946,62594,7
2019-08-19,glue.tidyverse.org,128,125,7
2019-08-19,googledrive.tidyverse.org,543,564,7
2019-08-19,haven.tidyverse.org,520,500,7
2019-08-19,httr.r-lib.org,166,181,7
2019-08-19,lubridate.tidyverse.org,1604,1509,7
2019-08-19,magrittr.tidyverse.org,344,280,7
2019-08-19,modelr.tidyverse.org,84,88,7
2019-08-19,multidplyr.tidyverse.org,18,19,5
2019-08-19,pillar.r-lib.org,2,2,2
2019-08-19,principles.tidyverse.org,197,201,7
2019-08-19,purrr.tidyverse.org,2523,2152,7
2019-08-19,r4ds.had.co.nz,33591,42317,7
2019-08-19,readr.tidyverse.org,2664,2389,7
2019-08-19,readxl.tidyverse.org,3153,3221,7
2019-08-19,reprex.tidyverse.org,330,316,7
2019-08-19,rlang.r-lib.org,675,709,7
2019-08-19,rprojroot.r-lib.org,3,3,3
2019-08-19,rvest.tidyverse.org,240,250,7
2019-08-19,stringr.tidyverse.org,6184,6148,7
2019-08-19,style.tidyverse.org,1556,1663,7
2019-08-19,testthat.r-lib.org,438,495,7
2019-08-19,tibble.tidyverse.org,2883,2248,7
2019-08-19,tidyeval.tidyverse.org,977,1081,7
2019-08-19,tidymodels.github.io,1020,1352,7
2019-08-19,tidyr.tidyverse.org,9795,9174,7
2019-08-19,tidyverse.tidyverse.org,1056,823,7
2019-08-19,usethis.r-lib.org,379,413,7
2019-08-19,vroom.r-lib.org,69,77,7
2019-08-19,www.tidyverse.org,9813,9365,7
2019-08-19,xml2.r-lib.org,43,49,7
2019-08-26,bigrquery.r-dbi.org,77,86,7
2019-08-26,broom.tidyverse.org,236,226,7
2019-08-26,dbplyr.tidyverse.org,455,448,7
2019-08-26,devtools.r-lib.org,101,101,7
2019-08-26,dplyr.tidyverse.org,26646,28315,7
2019-08-26,dtplyr.tidyverse.org,127,131,7
2019-08-26,forcats.tidyverse.org,1511,1294,7
2019-08-26,gargle.r-lib.org,142,163,7
2019-08-26,ggplot2.tidyverse.org,50820,62802,7
2019-08-26,glue.tidyverse.org,121,114,7
2019-08-26,googledrive.tidyverse.org,608,631,7
2019-08-26,haven.tidyverse.org,437,405,7
2019-08-26,httr.r-lib.org,119,127,7
2019-08-26,lubridate.tidyverse.org,1508,1459,7
2019-08-26,magrittr.tidyverse.org,330,296,7
2019-08-26,modelr.tidyverse.org,117,101,7
2019-08-26,multidplyr.tidyverse.org,16,18,6
2019-08-26,pillar.r-lib.org,5,5,4
2019-08-26,pkgdown.r-lib.org,7,9,4
2019-08-26,principles.tidyverse.org,88,85,7
2019-08-26,purrr.tidyverse.org,2346,2021,7
2019-08-26,r4ds.had.co.nz,35768,45598,7
2019-08-26,readr.tidyverse.org,2780,2491,7
2019-08-26,readxl.tidyverse.org,3159,3173,7
2019-08-26,reprex.tidyverse.org,337,339,7
2019-08-26,rlang.r-lib.org,593,628,7
2019-08-26,rprojroot.r-lib.org,11,13,6
2019-08-26,rvest.tidyverse.org,280,312,7
2019-08-26,stringr.tidyverse.org,5833,5860,7
2019-08-26,style.tidyverse.org,1476,1578,7
2019-08-26,testthat.r-lib.org,429,475,7
2019-08-26,tibble.tidyverse.org,2822,2215,7
2019-08-26,tidyeval.tidyverse.org,731,779,7
2019-08-26,tidymodels.github.io,1055,1375,7
2019-08-26,tidyr.tidyverse.org,9671,9041,7
2019-08-26,tidyverse.tidyverse.org,1006,829,7
2019-08-26,usethis.r-lib.org,403,444,7
2019-08-26,vroom.r-lib.org,51,55,7
2019-08-26,www.tidyverse.org,9597,9145,7
2019-08-26,xml2.r-lib.org,41,42,7
2019-09-02,bigrquery.r-dbi.org,59,70,7
2019-09-02,broom.tidyverse.org,228,222,7
2019-09-02,dbplyr.tidyverse.org,440,440,7
2019-09-02,devtools.r-lib.org,101,102,7
2019-09-02,dplyr.tidyverse.org,27374,29067,7
2019-09-02,dtplyr.tidyverse.org,95,101,5
2019-09-02,forcats.tidyverse.org,1443,1236,7
2019-09-02,gargle.r-lib.org,125,175,7
2019-09-02,ggplot2.tidyverse.org,51822,62966,7
2019-09-02,glue.tidyverse.org,109,112,7
2019-09-02,googledrive.tidyverse.org,610,639,7
2019-09-02,haven.tidyverse.org,528,512,7
2019-09-02,httr.r-lib.org,150,157,7
2019-09-02,lubridate.tidyverse.org,1642,1609,7
2019-09-02,magrittr.tidyverse.org,364,330,7
2019-09-02,modelr.tidyverse.org,94,90,7
2019-09-02,multidplyr.tidyverse.org,16,18,5
2019-09-02,pillar.r-lib.org,9,9,5
2019-09-02,pkgdown.r-lib.org,323,373,6
2019-09-02,principles.tidyverse.org,54,54,7
2019-09-02,purrr.tidyverse.org,2181,1859,7
2019-09-02,r4ds.had.co.nz,40921,52569,7
2019-09-02,readr.tidyverse.org,2769,2487,7
2019-09-02,readxl.tidyverse.org,3430,3498,7
2019-09-02,reprex.tidyverse.org,343,341,7
2019-09-02,rlang.r-lib.org,634,666,7
2019-09-02,rprojroot.r-lib.org,7,7,4
2019-09-02,rvest.tidyverse.org,270,288,7
2019-09-02,stringr.tidyverse.org,6183,6182,7
2019-09-02,style.tidyverse.org,1640,1737,7
2019-09-02,testthat.r-lib.org,360,398,7
2019-09-02,tibble.tidyverse.org,2850,2310,7
2019-09-02,tidyeval.tidyverse.org,510,543,7
2019-09-02,tidymodels.github.io,1735,2083,7
2019-09-02,tidyr.tidyverse.org,9598,9008,7
2019-09-02,tidyverse.tidyverse.org,1002,799,6
2019-09-02,usethis.r-lib.org,379,409,7
2019-09-02,vroom.r-lib.org,56,60,7
2019-09-02,www.tidyverse.org,10247,9760,7
2019-09-02,xml2.r-lib.org,45,50,7
2019-09-09,bigrquery.r-dbi.org,77,94,7
2019-09-09,broom.tidyverse.org,250,241,7
2019-09-09,dbplyr.tidyverse.org,497,509,7
2019-09-09,devtools.r-lib.org,132,131,7
2019-09-09,dplyr.tidyverse.org,31126,33366,7
2019-09-09,dtplyr.tidyverse.org,5,5,3
2019-09-09,forcats.tidyverse.org,1658,1410,7
2019-09-09,gargle.r-lib.org,144,200,7
2019-09-09,ggplot2.tidyverse.org,57830,70353,7
2019-09-09,glue.tidyverse.org,125,116,7
2019-09-09,googledrive.tidyverse.org,703,741,7
2019-09-09,haven.tidyverse.org,601,582,7
2019-09-09,httr.r-lib.org,136,149,7
2019-09-09,lubridate.tidyverse.org,1314,1257,6
2019-09-09,magrittr.tidyverse.org,414,363,7
2019-09-09,modelr.tidyverse.org,103,98,7
2019-09-09,multidplyr.tidyverse.org,7,8,1
2019-09-09,pillar.r-lib.org,6,7,5
2019-09-09,pkgdown.r-lib.org,317,379,7
2019-09-09,principles.tidyverse.org,76,63,7
2019-09-09,purrr.tidyverse.org,2300,1997,7
2019-09-09,r4ds.had.co.nz,41938,54133,7
2019-09-09,readr.tidyverse.org,3128,2840,7
2019-09-09,readxl.tidyverse.org,3615,3683,7
2019-09-09,reprex.tidyverse.org,365,350,7
2019-09-09,rlang.r-lib.org,712,733,7
2019-09-09,rprojroot.r-lib.org,16,18,6
2019-09-09,rvest.tidyverse.org,229,232,7
2019-09-09,stringr.tidyverse.org,6859,6840,7
2019-09-09,style.tidyverse.org,1712,1823,7
2019-09-09,testthat.r-lib.org,385,423,7
2019-09-09,tibble.tidyverse.org,3623,3005,7
2019-09-09,tidyeval.tidyverse.org,491,508,7
2019-09-09,tidymodels.github.io,1004,1214,7
2019-09-09,tidyr.tidyverse.org,8408,7864,7
2019-09-09,tidyverse.tidyverse.org,4,4,3
2019-09-09,usethis.r-lib.org,413,450,7
2019-09-09,vroom.r-lib.org,58,64,7
2019-09-09,www.tidyverse.org,14375,14330,7
2019-09-09,xml2.r-lib.org,48,49,7
2019-09-16,bigrquery.r-dbi.org,81,93,7
2019-09-16,broom.tidyverse.org,275,266,7
2019-09-16,dbplyr.tidyverse.org,514,515,7
2019-09-16,devtools.r-lib.org,160,161,7
2019-09-16,dplyr.tidyverse.org,34099,37195,7
2019-09-16,forcats.tidyverse.org,1700,1478,7
2019-09-16,gargle.r-lib.org,146,211,7
2019-09-16,ggplot2.tidyverse.org,61724,75559,7
2019-09-16,glue.tidyverse.org,130,129,7
2019-09-16,googledrive.tidyverse.org,713,769,7
2019-09-16,haven.tidyverse.org,599,583,7
2019-09-16,httr.r-lib.org,160,180,7
2019-09-16,lubridate.tidyverse.org,3,3,3
2019-09-16,magrittr.tidyverse.org,398,335,7
2019-09-16,modelr.tidyverse.org,73,73,7
2019-09-16,pillar.r-lib.org,9,9,5
2019-09-16,pkgdown.r-lib.org,276,320,7
2019-09-16,principles.tidyverse.org,59,47,6
2019-09-16,purrr.tidyverse.org,2511,2209,7
2019-09-16,r4ds.had.co.nz,42538,54177,7
2019-09-16,readr.tidyverse.org,3360,3150,7
2019-09-16,readxl.tidyverse.org,3751,3861,7
2019-09-16,reprex.tidyverse.org,416,398,7
2019-09-16,rlang.r-lib.org,773,829,7
2019-09-16,rprojroot.r-lib.org,9,9,4
2019-09-16,rvest.tidyverse.org,253,274,7
2019-09-16,stringr.tidyverse.org,7296,7436,7
2019-09-16,style.tidyverse.org,1826,1977,7
2019-09-16,testthat.r-lib.org,419,460,7
2019-09-16,tibble.tidyverse.org,3570,2936,7
2019-09-16,tidyeval.tidyverse.org,507,527,7
2019-09-16,tidymodels.github.io,768,975,7
2019-09-16,tidyr.tidyverse.org,374,345,7
2019-09-16,usethis.r-lib.org,414,457,7
2019-09-16,vroom.r-lib.org,70,85,7
2019-09-16,www.tidyverse.org,12085,11958,7
2019-09-16,xml2.r-lib.org,69,76,7
2019-09-23,bigrquery.r-dbi.org,84,105,7
2019-09-23,broom.tidyverse.org,251,235,7
2019-09-23,dbplyr.tidyverse.org,524,518,7
2019-09-23,devtools.r-lib.org,158,170,7
2019-09-23,dplyr.tidyverse.org,35183,38333,7
2019-09-23,dtplyr.tidyverse.org,3,4,3
2019-09-23,forcats.tidyverse.org,1739,1499,7
2019-09-23,gargle.r-lib.org,145,197,7
2019-09-23,ggplot2.tidyverse.org,64526,79190,7
2019-09-23,glue.tidyverse.org,124,120,7
2019-09-23,googledrive.tidyverse.org,672,736,7
2019-09-23,haven.tidyverse.org,665,659,7
2019-09-23,httr.r-lib.org,177,199,7
2019-09-23,lubridate.tidyverse.org,5,4,4
2019-09-23,magrittr.tidyverse.org,441,365,7
2019-09-23,modelr.tidyverse.org,100,98,7
2019-09-23,pillar.r-lib.org,6,6,4
2019-09-23,pkgdown.r-lib.org,307,351,7
2019-09-23,principles.tidyverse.org,70,66,7
2019-09-23,purrr.tidyverse.org,3012,2838,7
2019-09-23,r4ds.had.co.nz,44122,56051,7
2019-09-23,readr.tidyverse.org,3492,3221,7
2019-09-23,readxl.tidyverse.org,3860,3993,7
2019-09-23,reprex.tidyverse.org,414,406,7
2019-09-23,rlang.r-lib.org,781,828,7
2019-09-23,rprojroot.r-lib.org,19,18,7
2019-09-23,rvest.tidyverse.org,329,347,7
2019-09-23,stringr.tidyverse.org,7900,8090,7
2019-09-23,style.tidyverse.org,2162,2416,7
2019-09-23,testthat.r-lib.org,617,721,7
2019-09-23,tibble.tidyverse.org,3721,3090,7
2019-09-23,tidyeval.tidyverse.org,553,577,7
2019-09-23,tidymodels.github.io,1063,1298,7
2019-09-23,tidyr.tidyverse.org,433,385,7
2019-09-23,usethis.r-lib.org,452,492,7
2019-09-23,vroom.r-lib.org,71,74,7
2019-09-23,www.tidyverse.org,11785,11438,7
2019-09-23,xml2.r-lib.org,65,67,7
2019-09-30,bigrquery.r-dbi.org,77,90,7
2019-09-30,broom.tidyverse.org,292,278,7
2019-09-30,dbplyr.tidyverse.org,553,536,7
2019-09-30,devtools.r-lib.org,136,141,7
2019-09-30,dplyr.tidyverse.org,34682,37801,7
2019-09-30,dtplyr.tidyverse.org,1,1,1
2019-09-30,forcats.tidyverse.org,1768,1501,7
2019-09-30,gargle.r-lib.org,135,188,7
2019-09-30,ggplot2.tidyverse.org,62097,75393,7
2019-09-30,glue.tidyverse.org,147,141,7
2019-09-30,googledrive.tidyverse.org,602,664,7
2019-09-30,haven.tidyverse.org,722,717,7
2019-09-30,httr.r-lib.org,142,152,7
2019-09-30,lubridate.tidyverse.org,1,3,1
2019-09-30,magrittr.tidyverse.org,401,347,7
2019-09-30,modelr.tidyverse.org,91,87,7
2019-09-30,pillar.r-lib.org,4,5,3
2019-09-30,pkgdown.r-lib.org,283,333,7
2019-09-30,principles.tidyverse.org,77,68,7
2019-09-30,purrr.tidyverse.org,2951,2679,7
2019-09-30,r4ds.had.co.nz,42638,54705,7
2019-09-30,readr.tidyverse.org,3416,3164,7
2019-09-30,readxl.tidyverse.org,3768,3821,7
2019-09-30,reprex.tidyverse.org,382,358,7
2019-09-30,rlang.r-lib.org,832,866,7
2019-09-30,rprojroot.r-lib.org,18,19,6
2019-09-30,rvest.tidyverse.org,260,274,7
2019-09-30,stringr.tidyverse.org,7969,8185,7
2019-09-30,style.tidyverse.org,2068,2292,7
2019-09-30,testthat.r-lib.org,509,580,7
2019-09-30,tibble.tidyverse.org,3917,3224,7
2019-09-30,tidyeval.tidyverse.org,626,701,7
2019-09-30,tidymodels.github.io,948,1227,7
2019-09-30,tidyr.tidyverse.org,389,341,7
2019-09-30,tidyverse.tidyverse.org,1,1,1
2019-09-30,usethis.r-lib.org,424,476,7
2019-09-30,vroom.r-lib.org,60,74,7
2019-09-30,www.tidyverse.org,12700,12449,7
2019-09-30,xml2.r-lib.org,55,57,7
2019-10-07,bigrquery.r-dbi.org,106,133,7
2019-10-07,broom.tidyverse.org,363,358,7
2019-10-07,dbplyr.tidyverse.org,506,502,7
2019-10-07,devtools.r-lib.org,141,141,7
2019-10-07,dplyr.tidyverse.org,36740,40421,7
2019-10-07,dtplyr.tidyverse.org,2,2,2
2019-10-07,forcats.tidyverse.org,1890,1610,7
2019-10-07,gargle.r-lib.org,156,212,7
2019-10-07,ggplot2.tidyverse.org,63883,78092,7
2019-10-07,glue.tidyverse.org,130,133,7
2019-10-07,googledrive.tidyverse.org,294,331,5
2019-10-07,haven.tidyverse.org,743,735,7
2019-10-07,httr.r-lib.org,168,183,7
2019-10-07,magrittr.tidyverse.org,425,374,7
2019-10-07,modelr.tidyverse.org,110,106,7
2019-10-07,pillar.r-lib.org,5,6,4
2019-10-07,pkgdown.r-lib.org,279,333,7
2019-10-07,principles.tidyverse.org,65,59,7
2019-10-07,purrr.tidyverse.org,2997,2639,7
2019-10-07,r4ds.had.co.nz,43192,55676,7
2019-10-07,readr.tidyverse.org,3636,3427,7
2019-10-07,readxl.tidyverse.org,2469,2523,7
2019-10-07,reprex.tidyverse.org,405,404,7
2019-10-07,rlang.r-lib.org,759,801,7
2019-10-07,rprojroot.r-lib.org,19,20,6
2019-10-07,rvest.tidyverse.org,282,308,7
2019-10-07,stringr.tidyverse.org,5756,5859,7
2019-10-07,style.tidyverse.org,1807,2026,7
2019-10-07,testthat.r-lib.org,380,400,7
2019-10-07,tibble.tidyverse.org,4185,3521,7
2019-10-07,tidyeval.tidyverse.org,506,526,7
2019-10-07,tidymodels.github.io,852,1065,7
2019-10-07,tidyr.tidyverse.org,439,395,7
2019-10-07,usethis.r-lib.org,424,476,7
2019-10-07,vroom.r-lib.org,77,79,7
2019-10-07,www.tidyverse.org,11211,10780,7
2019-10-07,xml2.r-lib.org,65,72,7
2019-10-14,bigrquery.r-dbi.org,120,136,7
2019-10-14,broom.tidyverse.org,8,15,4
2019-10-14,dbplyr.tidyverse.org,520,531,7
2019-10-14,devtools.r-lib.org,146,156,7
2019-10-14,dplyr.tidyverse.org,37317,41224,7
2019-10-14,dtplyr.tidyverse.org,3,1,2
2019-10-14,forcats.tidyverse.org,2059,1779,7
2019-10-14,gargle.r-lib.org,131,178,7
2019-10-14,ggplot2.tidyverse.org,64924,79538,7
2019-10-14,glue.tidyverse.org,116,111,7
2019-10-14,googledrive.tidyverse.org,1,1,1
2019-10-14,haven.tidyverse.org,723,716,7
2019-10-14,httr.r-lib.org,167,190,7
2019-10-14,magrittr.tidyverse.org,414,367,7
2019-10-14,modelr.tidyverse.org,108,108,7
2019-10-14,pillar.r-lib.org,2,2,2
2019-10-14,pkgdown.r-lib.org,294,342,7
2019-10-14,principles.tidyverse.org,130,126,7
2019-10-14,purrr.tidyverse.org,1301,1163,7
2019-10-14,r4ds.had.co.nz,40593,51623,7
2019-10-14,readr.tidyverse.org,3653,3475,7
2019-10-14,readxl.tidyverse.org,20,19,5
2019-10-14,reprex.tidyverse.org,424,408,7
2019-10-14,rlang.r-lib.org,807,864,7
2019-10-14,rprojroot.r-lib.org,14,16,6
2019-10-14,rvest.tidyverse.org,284,303,7
2019-10-14,stringr.tidyverse.org,31,27,6
2019-10-14,style.tidyverse.org,1867,2104,7
2019-10-14,testthat.r-lib.org,423,466,7
2019-10-14,tibble.tidyverse.org,4039,3428,7
2019-10-14,tidyeval.tidyverse.org,468,458,7
2019-10-14,tidymodels.github.io,961,1252,7
2019-10-14,tidyr.tidyverse.org,407,374,7
2019-10-14,tidyverse.tidyverse.org,1,1,1
2019-10-14,usethis.r-lib.org,465,508,7
2019-10-14,vroom.r-lib.org,121,139,7
2019-10-14,www.tidyverse.org,11564,11273,7
2019-10-14,xml2.r-lib.org,67,74,7
2019-10-21,bigrquery.r-dbi.org,111,129,7
2019-10-21,broom.tidyverse.org,5,9,5
2019-10-21,dbplyr.tidyverse.org,533,542,7
2019-10-21,devtools.r-lib.org,200,194,7
2019-10-21,dplyr.tidyverse.org,37840,41961,7
2019-10-21,dtplyr.tidyverse.org,1,1,1
2019-10-21,forcats.tidyverse.org,1879,1621,7
2019-10-21,gargle.r-lib.org,139,193,7
2019-10-21,ggplot2.tidyverse.org,65913,80943,7
2019-10-21,glue.tidyverse.org,172,168,7
2019-10-21,googledrive.tidyverse.org,2,2,2
2019-10-21,haven.tidyverse.org,689,667,7
2019-10-21,httr.r-lib.org,145,152,7
2019-10-21,magrittr.tidyverse.org,417,369,7
2019-10-21,modelr.tidyverse.org,134,133,7
2019-10-21,pillar.r-lib.org,5,8,3
2019-10-21,pkgdown.r-lib.org,297,361,7
2019-10-21,principles.tidyverse.org,85,76,7
2019-10-21,purrr.tidyverse.org,12,11,5
2019-10-21,r4ds.had.co.nz,39194,49614,7
2019-10-21,readr.tidyverse.org,3620,3452,7
2019-10-21,readxl.tidyverse.org,4,4,3
2019-10-21,reprex.tidyverse.org,387,367,7
2019-10-21,rlang.r-lib.org,904,957,7
2019-10-21,rprojroot.r-lib.org,18,18,5
2019-10-21,rvest.tidyverse.org,315,341,7
2019-10-21,stringr.tidyverse.org,9,9,5
2019-10-21,style.tidyverse.org,1700,1800,7
2019-10-21,testthat.r-lib.org,456,484,7
2019-10-21,tibble.tidyverse.org,4097,3500,7
2019-10-21,tidyeval.tidyverse.org,466,454,7
2019-10-21,tidymodels.github.io,1315,1606,7
2019-10-21,tidyr.tidyverse.org,423,391,7
2019-10-21,usethis.r-lib.org,482,591,7
2019-10-21,vroom.r-lib.org,60,65,7
2019-10-21,www.tidyverse.org,11076,10861,7
2019-10-21,xml2.r-lib.org,51,55,7
